{"jobId":"f5403e83-5ec6-4833-b791-f6a40020ba70","createdAt":"2025-09-01T11:51:15Z","overview":{"transformationResult":"SUCCEEDED","projectsReceived":1,"projectsTransformed":1,"projectsCompletelyTransformed":1,"projectsPartiallyTransformed":0,"projectsNotTransformed":0,"nugetPackagesAdded":4,"nugetPackagesRemoved":2,"nugetPackagesUpdated":2,"apisAdded":34,"apisRemoved":26,"apisUpdated":70,"filesAdded":15,"filesRemoved":37,"filesUpdated":3,"filesMoved":107,"linuxRecommendationsCount":12,"solutionTransformationSummary":"# C# Migration Summary: ASP.NET Web Forms to ASP.NET Core\n\nThis migration transitions from a traditional ASP.NET Web Forms application to modern ASP.NET Core, focusing on these key technical areas:\n\n## Architecture Transformation\n- Replaced Web Forms pages (`.aspx` files) and code-behind with Blazor components (`.razor`)\n- Migrated from `Global.asax` to `Program.cs` with ASP.NET Core hosting model\n- Switched from `.NET Framework 4.6.2` to `.NET 8.0`\n- Converted from legacy project format to SDK-style project structure\n\n## UI Framework Evolution\n- Replaced `<asp:*>` server controls with Blazor component model using `@bind` syntax\n- Implemented `@rendermode InteractiveServer` for server-side rendering\n- Created component hierarchy with `App.razor` as root and `MainLayout.razor` replacing `Site.Master`\n\n## Configuration & Infrastructure\n- Replaced `Web.config` with `appsettings.json` for configuration\n- Migrated connection strings to JSON format\n- Organized static resources into standard `wwwroot` folder\n- Implemented middleware pipeline to replace HTTP modules\n\n## State Management & Data Access\n- Replaced ASP.NET's session state with Blazor component state\n- Updated from `System.Data.SqlClient` to `Microsoft.Data.SqlClient`\n- Adapted Entity Framework 6.x functionality to Core environment\n\n## Routing\n- Removed Web Forms routing in `RouteConfig.cs`\n- Implemented declarative routing with `@page` directives\n- Added ASP.NET Core endpoint routing in `Program.cs`\n\n## Package Management\n- Migrated from `packages.config` to `PackageReference` format\n- Updated package dependencies to .NET Core compatible versions\n\n## Logging\n- Replaced log4net with .NET Core's `ILogger<T>` pattern\n- Switched from static logging to dependency-injected loggers"},"projects":[{"name":"eShopLegacyWebForms","transformationResult":"SUCCEEDED","nugetPackagesAdded":4,"nugetPackagesRemoved":2,"nugetPackagesUpdated":2,"apisAdded":34,"apisRemoved":26,"apisUpdated":70,"filesAdded":["src/eShopLegacyWebForms/appsettings.json","src/eShopLegacyWebForms/Program.cs","src/eShopLegacyWebForms/Components/Pages/About.razor","src/eShopLegacyWebForms/Components/Pages/Contact.razor","src/eShopLegacyWebForms/Components/Pages/Default.razor","src/eShopLegacyWebForms/Components/Layout/MainLayout.razor","src/eShopLegacyWebForms/Components/Layout/Site.MobileLayout.razor","src/eShopLegacyWebForms/Components/ViewSwitcher.razor","src/eShopLegacyWebForms/Components/Pages/Catalog/Create.razor","src/eShopLegacyWebForms/Components/Pages/Catalog/Delete.razor","src/eShopLegacyWebForms/Components/Pages/Catalog/Details.razor","src/eShopLegacyWebForms/Components/Pages/Catalog/Edit.razor","src/eShopLegacyWebForms/Components/App.razor","src/eShopLegacyWebForms/Components/Routes.razor","src/eShopLegacyWebForms/Components/_Imports.razor"],"filesRemoved":["src/eShopLegacyWebForms/App_Start/RouteConfig.cs","src/eShopLegacyWebForms/App_Start/BundleConfig.cs","src/eShopLegacyWebForms/ApplicationInsights.config","src/eShopLegacyWebForms/packages.config","src/eShopLegacyWebForms/About.aspx","src/eShopLegacyWebForms/About.aspx.cs","src/eShopLegacyWebForms/About.aspx.designer.cs","src/eShopLegacyWebForms/Contact.aspx","src/eShopLegacyWebForms/Contact.aspx.cs","src/eShopLegacyWebForms/Contact.aspx.designer.cs","src/eShopLegacyWebForms/Default.aspx","src/eShopLegacyWebForms/Default.aspx.cs","src/eShopLegacyWebForms/Default.aspx.designer.cs","src/eShopLegacyWebForms/Site.Master","src/eShopLegacyWebForms/Site.Master.cs","src/eShopLegacyWebForms/Site.Master.designer.cs","src/eShopLegacyWebForms/Site.Mobile.Master","src/eShopLegacyWebForms/Site.Mobile.Master.cs","src/eShopLegacyWebForms/Site.Mobile.Master.designer.cs","src/eShopLegacyWebForms/ViewSwitcher.ascx","src/eShopLegacyWebForms/ViewSwitcher.ascx.cs","src/eShopLegacyWebForms/ViewSwitcher.ascx.designer.cs","src/eShopLegacyWebForms/Catalog/Create.aspx","src/eShopLegacyWebForms/Catalog/Create.aspx.cs","src/eShopLegacyWebForms/Catalog/Create.aspx.designer.cs","src/eShopLegacyWebForms/Catalog/Delete.aspx","src/eShopLegacyWebForms/Catalog/Delete.aspx.cs","src/eShopLegacyWebForms/Catalog/Delete.aspx.designer.cs","src/eShopLegacyWebForms/Catalog/Details.aspx","src/eShopLegacyWebForms/Catalog/Details.aspx.cs","src/eShopLegacyWebForms/Catalog/Details.aspx.designer.cs","src/eShopLegacyWebForms/Catalog/Edit.aspx","src/eShopLegacyWebForms/Catalog/Edit.aspx.cs","src/eShopLegacyWebForms/Catalog/Edit.aspx.designer.cs","src/eShopLegacyWebForms/Global.asax","src/eShopLegacyWebForms/Global.asax.cs","src/eShopLegacyWebForms/Web.config"],"filesUpdated":["src/eShopLegacyWebForms/eShopLegacyWebForms.csproj","src/eShopLegacyWebForms/Models/Infrastructure/CatalogDBInitializer.cs","src/eShopLegacyWebForms/Services/CatalogService.cs"],"filesMoved":["src/eShopLegacyWebForms/wwwroot/favicon.ico","src/eShopLegacyWebForms/wwwroot/Content/base.css","src/eShopLegacyWebForms/wwwroot/Content/bootstrap-grid.css","src/eShopLegacyWebForms/wwwroot/Content/bootstrap-grid.css.map","src/eShopLegacyWebForms/wwwroot/Content/bootstrap-grid.min.css","src/eShopLegacyWebForms/wwwroot/Content/bootstrap-grid.min.css.map","src/eShopLegacyWebForms/wwwroot/Content/bootstrap-reboot.css","src/eShopLegacyWebForms/wwwroot/Content/bootstrap-reboot.css.map","src/eShopLegacyWebForms/wwwroot/Content/bootstrap-reboot.min.css","src/eShopLegacyWebForms/wwwroot/Content/bootstrap-reboot.min.css.map","src/eShopLegacyWebForms/wwwroot/Content/bootstrap.css","src/eShopLegacyWebForms/wwwroot/Content/bootstrap.css.map","src/eShopLegacyWebForms/wwwroot/Content/bootstrap.min.css","src/eShopLegacyWebForms/wwwroot/Content/bootstrap.min.css.map","src/eShopLegacyWebForms/wwwroot/Content/custom.css","src/eShopLegacyWebForms/wwwroot/Content/site.css","src/eShopLegacyWebForms/wwwroot/fonts/Montserrat-Bold.eot","src/eShopLegacyWebForms/wwwroot/fonts/Montserrat-Bold.svg","src/eShopLegacyWebForms/wwwroot/fonts/Montserrat-Bold.ttf","src/eShopLegacyWebForms/wwwroot/fonts/Montserrat-Bold.woff","src/eShopLegacyWebForms/wwwroot/fonts/Montserrat-Bold.woff2","src/eShopLegacyWebForms/wwwroot/fonts/Montserrat-Regular.eot","src/eShopLegacyWebForms/wwwroot/fonts/Montserrat-Regular.svg","src/eShopLegacyWebForms/wwwroot/fonts/Montserrat-Regular.ttf","src/eShopLegacyWebForms/wwwroot/fonts/Montserrat-Regular.woff","src/eShopLegacyWebForms/wwwroot/fonts/Montserrat-Regular.woff2","src/eShopLegacyWebForms/wwwroot/images/brand.png","src/eShopLegacyWebForms/wwwroot/images/brand_dark.png","src/eShopLegacyWebForms/wwwroot/images/main_banner.png","src/eShopLegacyWebForms/wwwroot/images/main_footer_text.png","src/eShopLegacyWebForms/wwwroot/Pics/1.png","src/eShopLegacyWebForms/wwwroot/Pics/10.png","src/eShopLegacyWebForms/wwwroot/Pics/11.png","src/eShopLegacyWebForms/wwwroot/Pics/12.png","src/eShopLegacyWebForms/wwwroot/Pics/2.png","src/eShopLegacyWebForms/wwwroot/Pics/3.png","src/eShopLegacyWebForms/wwwroot/Pics/4.png","src/eShopLegacyWebForms/wwwroot/Pics/5.png","src/eShopLegacyWebForms/wwwroot/Pics/6.png","src/eShopLegacyWebForms/wwwroot/Pics/7.png","src/eShopLegacyWebForms/wwwroot/Pics/8.png","src/eShopLegacyWebForms/wwwroot/Pics/9.png","src/eShopLegacyWebForms/wwwroot/Pics/dummy.png","src/eShopLegacyWebForms/wwwroot/Scripts/bootstrap.bundle.js","src/eShopLegacyWebForms/wwwroot/Scripts/bootstrap.bundle.js.map","src/eShopLegacyWebForms/wwwroot/Scripts/bootstrap.bundle.min.js","src/eShopLegacyWebForms/wwwroot/Scripts/bootstrap.bundle.min.js.map","src/eShopLegacyWebForms/wwwroot/Scripts/bootstrap.js","src/eShopLegacyWebForms/wwwroot/Scripts/bootstrap.js.map","src/eShopLegacyWebForms/wwwroot/Scripts/bootstrap.min.js","src/eShopLegacyWebForms/wwwroot/Scripts/bootstrap.min.js.map","src/eShopLegacyWebForms/wwwroot/Scripts/jquery-3.5.0.js","src/eShopLegacyWebForms/wwwroot/Scripts/jquery-3.5.0.min.js","src/eShopLegacyWebForms/wwwroot/Scripts/jquery-3.5.0.min.map","src/eShopLegacyWebForms/wwwroot/Scripts/jquery-3.5.0.slim.js","src/eShopLegacyWebForms/wwwroot/Scripts/jquery-3.5.0.slim.min.js","src/eShopLegacyWebForms/wwwroot/Scripts/jquery-3.5.0.slim.min.map","src/eShopLegacyWebForms/wwwroot/Scripts/modernizr-2.8.3.js","src/eShopLegacyWebForms/wwwroot/Scripts/popper-utils.js","src/eShopLegacyWebForms/wwwroot/Scripts/popper-utils.js.map","src/eShopLegacyWebForms/wwwroot/Scripts/popper-utils.min.js","src/eShopLegacyWebForms/wwwroot/Scripts/popper-utils.min.js.map","src/eShopLegacyWebForms/wwwroot/Scripts/popper.js","src/eShopLegacyWebForms/wwwroot/Scripts/popper.js.map","src/eShopLegacyWebForms/wwwroot/Scripts/popper.min.js","src/eShopLegacyWebForms/wwwroot/Scripts/popper.min.js.map","src/eShopLegacyWebForms/wwwroot/Scripts/respond.js","src/eShopLegacyWebForms/wwwroot/Scripts/respond.matchmedia.addListener.js","src/eShopLegacyWebForms/wwwroot/Scripts/respond.matchmedia.addListener.min.js","src/eShopLegacyWebForms/wwwroot/Scripts/respond.min.js","src/eShopLegacyWebForms/wwwroot/Scripts/esm/popper-utils.js","src/eShopLegacyWebForms/wwwroot/Scripts/esm/popper-utils.js.map","src/eShopLegacyWebForms/wwwroot/Scripts/esm/popper-utils.min.js","src/eShopLegacyWebForms/wwwroot/Scripts/esm/popper-utils.min.js.map","src/eShopLegacyWebForms/wwwroot/Scripts/esm/popper.js","src/eShopLegacyWebForms/wwwroot/Scripts/esm/popper.js.map","src/eShopLegacyWebForms/wwwroot/Scripts/esm/popper.min.js","src/eShopLegacyWebForms/wwwroot/Scripts/esm/popper.min.js.map","src/eShopLegacyWebForms/wwwroot/Scripts/umd/popper-utils.js","src/eShopLegacyWebForms/wwwroot/Scripts/umd/popper-utils.js.map","src/eShopLegacyWebForms/wwwroot/Scripts/umd/popper-utils.min.js","src/eShopLegacyWebForms/wwwroot/Scripts/umd/popper-utils.min.js.map","src/eShopLegacyWebForms/wwwroot/Scripts/umd/popper.js","src/eShopLegacyWebForms/wwwroot/Scripts/umd/popper.js.map","src/eShopLegacyWebForms/wwwroot/Scripts/umd/popper.min.js","src/eShopLegacyWebForms/wwwroot/Scripts/umd/popper.min.js.map","src/eShopLegacyWebForms/wwwroot/Scripts/WebForms/DetailsView.js","src/eShopLegacyWebForms/wwwroot/Scripts/WebForms/Focus.js","src/eShopLegacyWebForms/wwwroot/Scripts/WebForms/GridView.js","src/eShopLegacyWebForms/wwwroot/Scripts/WebForms/Menu.js","src/eShopLegacyWebForms/wwwroot/Scripts/WebForms/MenuStandards.js","src/eShopLegacyWebForms/wwwroot/Scripts/WebForms/SmartNav.js","src/eShopLegacyWebForms/wwwroot/Scripts/WebForms/TreeView.js","src/eShopLegacyWebForms/wwwroot/Scripts/WebForms/WebForms.js","src/eShopLegacyWebForms/wwwroot/Scripts/WebForms/WebParts.js","src/eShopLegacyWebForms/wwwroot/Scripts/WebForms/WebUIValidation.js","src/eShopLegacyWebForms/wwwroot/Scripts/WebForms/MSAjax/MicrosoftAjax.js","src/eShopLegacyWebForms/wwwroot/Scripts/WebForms/MSAjax/MicrosoftAjaxApplicationServices.js","src/eShopLegacyWebForms/wwwroot/Scripts/WebForms/MSAjax/MicrosoftAjaxComponentModel.js","src/eShopLegacyWebForms/wwwroot/Scripts/WebForms/MSAjax/MicrosoftAjaxCore.js","src/eShopLegacyWebForms/wwwroot/Scripts/WebForms/MSAjax/MicrosoftAjaxGlobalization.js","src/eShopLegacyWebForms/wwwroot/Scripts/WebForms/MSAjax/MicrosoftAjaxHistory.js","src/eShopLegacyWebForms/wwwroot/Scripts/WebForms/MSAjax/MicrosoftAjaxNetwork.js","src/eShopLegacyWebForms/wwwroot/Scripts/WebForms/MSAjax/MicrosoftAjaxSerialization.js","src/eShopLegacyWebForms/wwwroot/Scripts/WebForms/MSAjax/MicrosoftAjaxTimer.js","src/eShopLegacyWebForms/wwwroot/Scripts/WebForms/MSAjax/MicrosoftAjaxWebForms.js","src/eShopLegacyWebForms/wwwroot/Scripts/WebForms/MSAjax/MicrosoftAjaxWebServices.js"],"movedFilesMap":[["src/eShopLegacyWebForms/favicon.ico","src/eShopLegacyWebForms/wwwroot/favicon.ico"],["src/eShopLegacyWebForms/Content/base.css","src/eShopLegacyWebForms/wwwroot/Content/base.css"],["src/eShopLegacyWebForms/Content/bootstrap-grid.css","src/eShopLegacyWebForms/wwwroot/Content/bootstrap-grid.css"],["src/eShopLegacyWebForms/Content/bootstrap-grid.css.map","src/eShopLegacyWebForms/wwwroot/Content/bootstrap-grid.css.map"],["src/eShopLegacyWebForms/Content/bootstrap-grid.min.css","src/eShopLegacyWebForms/wwwroot/Content/bootstrap-grid.min.css"],["src/eShopLegacyWebForms/Content/bootstrap-grid.min.css.map","src/eShopLegacyWebForms/wwwroot/Content/bootstrap-grid.min.css.map"],["src/eShopLegacyWebForms/Content/bootstrap-reboot.css","src/eShopLegacyWebForms/wwwroot/Content/bootstrap-reboot.css"],["src/eShopLegacyWebForms/Content/bootstrap-reboot.css.map","src/eShopLegacyWebForms/wwwroot/Content/bootstrap-reboot.css.map"],["src/eShopLegacyWebForms/Content/bootstrap-reboot.min.css","src/eShopLegacyWebForms/wwwroot/Content/bootstrap-reboot.min.css"],["src/eShopLegacyWebForms/Content/bootstrap-reboot.min.css.map","src/eShopLegacyWebForms/wwwroot/Content/bootstrap-reboot.min.css.map"],["src/eShopLegacyWebForms/Content/bootstrap.css","src/eShopLegacyWebForms/wwwroot/Content/bootstrap.css"],["src/eShopLegacyWebForms/Content/bootstrap.css.map","src/eShopLegacyWebForms/wwwroot/Content/bootstrap.css.map"],["src/eShopLegacyWebForms/Content/bootstrap.min.css","src/eShopLegacyWebForms/wwwroot/Content/bootstrap.min.css"],["src/eShopLegacyWebForms/Content/bootstrap.min.css.map","src/eShopLegacyWebForms/wwwroot/Content/bootstrap.min.css.map"],["src/eShopLegacyWebForms/Content/custom.css","src/eShopLegacyWebForms/wwwroot/Content/custom.css"],["src/eShopLegacyWebForms/Content/site.css","src/eShopLegacyWebForms/wwwroot/Content/site.css"],["src/eShopLegacyWebForms/fonts/Montserrat-Bold.eot","src/eShopLegacyWebForms/wwwroot/fonts/Montserrat-Bold.eot"],["src/eShopLegacyWebForms/fonts/Montserrat-Bold.svg","src/eShopLegacyWebForms/wwwroot/fonts/Montserrat-Bold.svg"],["src/eShopLegacyWebForms/fonts/Montserrat-Bold.ttf","src/eShopLegacyWebForms/wwwroot/fonts/Montserrat-Bold.ttf"],["src/eShopLegacyWebForms/fonts/Montserrat-Bold.woff","src/eShopLegacyWebForms/wwwroot/fonts/Montserrat-Bold.woff"],["src/eShopLegacyWebForms/fonts/Montserrat-Bold.woff2","src/eShopLegacyWebForms/wwwroot/fonts/Montserrat-Bold.woff2"],["src/eShopLegacyWebForms/fonts/Montserrat-Regular.eot","src/eShopLegacyWebForms/wwwroot/fonts/Montserrat-Regular.eot"],["src/eShopLegacyWebForms/fonts/Montserrat-Regular.svg","src/eShopLegacyWebForms/wwwroot/fonts/Montserrat-Regular.svg"],["src/eShopLegacyWebForms/fonts/Montserrat-Regular.ttf","src/eShopLegacyWebForms/wwwroot/fonts/Montserrat-Regular.ttf"],["src/eShopLegacyWebForms/fonts/Montserrat-Regular.woff","src/eShopLegacyWebForms/wwwroot/fonts/Montserrat-Regular.woff"],["src/eShopLegacyWebForms/fonts/Montserrat-Regular.woff2","src/eShopLegacyWebForms/wwwroot/fonts/Montserrat-Regular.woff2"],["src/eShopLegacyWebForms/images/brand.png","src/eShopLegacyWebForms/wwwroot/images/brand.png"],["src/eShopLegacyWebForms/images/brand_dark.png","src/eShopLegacyWebForms/wwwroot/images/brand_dark.png"],["src/eShopLegacyWebForms/images/main_banner.png","src/eShopLegacyWebForms/wwwroot/images/main_banner.png"],["src/eShopLegacyWebForms/images/main_footer_text.png","src/eShopLegacyWebForms/wwwroot/images/main_footer_text.png"],["src/eShopLegacyWebForms/Pics/1.png","src/eShopLegacyWebForms/wwwroot/Pics/1.png"],["src/eShopLegacyWebForms/Pics/10.png","src/eShopLegacyWebForms/wwwroot/Pics/10.png"],["src/eShopLegacyWebForms/Pics/11.png","src/eShopLegacyWebForms/wwwroot/Pics/11.png"],["src/eShopLegacyWebForms/Pics/12.png","src/eShopLegacyWebForms/wwwroot/Pics/12.png"],["src/eShopLegacyWebForms/Pics/2.png","src/eShopLegacyWebForms/wwwroot/Pics/2.png"],["src/eShopLegacyWebForms/Pics/3.png","src/eShopLegacyWebForms/wwwroot/Pics/3.png"],["src/eShopLegacyWebForms/Pics/4.png","src/eShopLegacyWebForms/wwwroot/Pics/4.png"],["src/eShopLegacyWebForms/Pics/5.png","src/eShopLegacyWebForms/wwwroot/Pics/5.png"],["src/eShopLegacyWebForms/Pics/6.png","src/eShopLegacyWebForms/wwwroot/Pics/6.png"],["src/eShopLegacyWebForms/Pics/7.png","src/eShopLegacyWebForms/wwwroot/Pics/7.png"],["src/eShopLegacyWebForms/Pics/8.png","src/eShopLegacyWebForms/wwwroot/Pics/8.png"],["src/eShopLegacyWebForms/Pics/9.png","src/eShopLegacyWebForms/wwwroot/Pics/9.png"],["src/eShopLegacyWebForms/Pics/dummy.png","src/eShopLegacyWebForms/wwwroot/Pics/dummy.png"],["src/eShopLegacyWebForms/Scripts/bootstrap.bundle.js","src/eShopLegacyWebForms/wwwroot/Scripts/bootstrap.bundle.js"],["src/eShopLegacyWebForms/Scripts/bootstrap.bundle.js.map","src/eShopLegacyWebForms/wwwroot/Scripts/bootstrap.bundle.js.map"],["src/eShopLegacyWebForms/Scripts/bootstrap.bundle.min.js","src/eShopLegacyWebForms/wwwroot/Scripts/bootstrap.bundle.min.js"],["src/eShopLegacyWebForms/Scripts/bootstrap.bundle.min.js.map","src/eShopLegacyWebForms/wwwroot/Scripts/bootstrap.bundle.min.js.map"],["src/eShopLegacyWebForms/Scripts/bootstrap.js","src/eShopLegacyWebForms/wwwroot/Scripts/bootstrap.js"],["src/eShopLegacyWebForms/Scripts/bootstrap.js.map","src/eShopLegacyWebForms/wwwroot/Scripts/bootstrap.js.map"],["src/eShopLegacyWebForms/Scripts/bootstrap.min.js","src/eShopLegacyWebForms/wwwroot/Scripts/bootstrap.min.js"],["src/eShopLegacyWebForms/Scripts/bootstrap.min.js.map","src/eShopLegacyWebForms/wwwroot/Scripts/bootstrap.min.js.map"],["src/eShopLegacyWebForms/Scripts/jquery-3.5.0.js","src/eShopLegacyWebForms/wwwroot/Scripts/jquery-3.5.0.js"],["src/eShopLegacyWebForms/Scripts/jquery-3.5.0.min.js","src/eShopLegacyWebForms/wwwroot/Scripts/jquery-3.5.0.min.js"],["src/eShopLegacyWebForms/Scripts/jquery-3.5.0.min.map","src/eShopLegacyWebForms/wwwroot/Scripts/jquery-3.5.0.min.map"],["src/eShopLegacyWebForms/Scripts/jquery-3.5.0.slim.js","src/eShopLegacyWebForms/wwwroot/Scripts/jquery-3.5.0.slim.js"],["src/eShopLegacyWebForms/Scripts/jquery-3.5.0.slim.min.js","src/eShopLegacyWebForms/wwwroot/Scripts/jquery-3.5.0.slim.min.js"],["src/eShopLegacyWebForms/Scripts/jquery-3.5.0.slim.min.map","src/eShopLegacyWebForms/wwwroot/Scripts/jquery-3.5.0.slim.min.map"],["src/eShopLegacyWebForms/Scripts/modernizr-2.8.3.js","src/eShopLegacyWebForms/wwwroot/Scripts/modernizr-2.8.3.js"],["src/eShopLegacyWebForms/Scripts/popper-utils.js","src/eShopLegacyWebForms/wwwroot/Scripts/popper-utils.js"],["src/eShopLegacyWebForms/Scripts/popper-utils.js.map","src/eShopLegacyWebForms/wwwroot/Scripts/popper-utils.js.map"],["src/eShopLegacyWebForms/Scripts/popper-utils.min.js","src/eShopLegacyWebForms/wwwroot/Scripts/popper-utils.min.js"],["src/eShopLegacyWebForms/Scripts/popper-utils.min.js.map","src/eShopLegacyWebForms/wwwroot/Scripts/popper-utils.min.js.map"],["src/eShopLegacyWebForms/Scripts/popper.js","src/eShopLegacyWebForms/wwwroot/Scripts/popper.js"],["src/eShopLegacyWebForms/Scripts/popper.js.map","src/eShopLegacyWebForms/wwwroot/Scripts/popper.js.map"],["src/eShopLegacyWebForms/Scripts/popper.min.js","src/eShopLegacyWebForms/wwwroot/Scripts/popper.min.js"],["src/eShopLegacyWebForms/Scripts/popper.min.js.map","src/eShopLegacyWebForms/wwwroot/Scripts/popper.min.js.map"],["src/eShopLegacyWebForms/Scripts/respond.js","src/eShopLegacyWebForms/wwwroot/Scripts/respond.js"],["src/eShopLegacyWebForms/Scripts/respond.matchmedia.addListener.js","src/eShopLegacyWebForms/wwwroot/Scripts/respond.matchmedia.addListener.js"],["src/eShopLegacyWebForms/Scripts/respond.matchmedia.addListener.min.js","src/eShopLegacyWebForms/wwwroot/Scripts/respond.matchmedia.addListener.min.js"],["src/eShopLegacyWebForms/Scripts/respond.min.js","src/eShopLegacyWebForms/wwwroot/Scripts/respond.min.js"],["src/eShopLegacyWebForms/Scripts/esm/popper-utils.js","src/eShopLegacyWebForms/wwwroot/Scripts/esm/popper-utils.js"],["src/eShopLegacyWebForms/Scripts/esm/popper-utils.js.map","src/eShopLegacyWebForms/wwwroot/Scripts/esm/popper-utils.js.map"],["src/eShopLegacyWebForms/Scripts/esm/popper-utils.min.js","src/eShopLegacyWebForms/wwwroot/Scripts/esm/popper-utils.min.js"],["src/eShopLegacyWebForms/Scripts/esm/popper-utils.min.js.map","src/eShopLegacyWebForms/wwwroot/Scripts/esm/popper-utils.min.js.map"],["src/eShopLegacyWebForms/Scripts/esm/popper.js","src/eShopLegacyWebForms/wwwroot/Scripts/esm/popper.js"],["src/eShopLegacyWebForms/Scripts/esm/popper.js.map","src/eShopLegacyWebForms/wwwroot/Scripts/esm/popper.js.map"],["src/eShopLegacyWebForms/Scripts/esm/popper.min.js","src/eShopLegacyWebForms/wwwroot/Scripts/esm/popper.min.js"],["src/eShopLegacyWebForms/Scripts/esm/popper.min.js.map","src/eShopLegacyWebForms/wwwroot/Scripts/esm/popper.min.js.map"],["src/eShopLegacyWebForms/Scripts/umd/popper-utils.js","src/eShopLegacyWebForms/wwwroot/Scripts/umd/popper-utils.js"],["src/eShopLegacyWebForms/Scripts/umd/popper-utils.js.map","src/eShopLegacyWebForms/wwwroot/Scripts/umd/popper-utils.js.map"],["src/eShopLegacyWebForms/Scripts/umd/popper-utils.min.js","src/eShopLegacyWebForms/wwwroot/Scripts/umd/popper-utils.min.js"],["src/eShopLegacyWebForms/Scripts/umd/popper-utils.min.js.map","src/eShopLegacyWebForms/wwwroot/Scripts/umd/popper-utils.min.js.map"],["src/eShopLegacyWebForms/Scripts/umd/popper.js","src/eShopLegacyWebForms/wwwroot/Scripts/umd/popper.js"],["src/eShopLegacyWebForms/Scripts/umd/popper.js.map","src/eShopLegacyWebForms/wwwroot/Scripts/umd/popper.js.map"],["src/eShopLegacyWebForms/Scripts/umd/popper.min.js","src/eShopLegacyWebForms/wwwroot/Scripts/umd/popper.min.js"],["src/eShopLegacyWebForms/Scripts/umd/popper.min.js.map","src/eShopLegacyWebForms/wwwroot/Scripts/umd/popper.min.js.map"],["src/eShopLegacyWebForms/Scripts/WebForms/DetailsView.js","src/eShopLegacyWebForms/wwwroot/Scripts/WebForms/DetailsView.js"],["src/eShopLegacyWebForms/Scripts/WebForms/Focus.js","src/eShopLegacyWebForms/wwwroot/Scripts/WebForms/Focus.js"],["src/eShopLegacyWebForms/Scripts/WebForms/GridView.js","src/eShopLegacyWebForms/wwwroot/Scripts/WebForms/GridView.js"],["src/eShopLegacyWebForms/Scripts/WebForms/Menu.js","src/eShopLegacyWebForms/wwwroot/Scripts/WebForms/Menu.js"],["src/eShopLegacyWebForms/Scripts/WebForms/MenuStandards.js","src/eShopLegacyWebForms/wwwroot/Scripts/WebForms/MenuStandards.js"],["src/eShopLegacyWebForms/Scripts/WebForms/SmartNav.js","src/eShopLegacyWebForms/wwwroot/Scripts/WebForms/SmartNav.js"],["src/eShopLegacyWebForms/Scripts/WebForms/TreeView.js","src/eShopLegacyWebForms/wwwroot/Scripts/WebForms/TreeView.js"],["src/eShopLegacyWebForms/Scripts/WebForms/WebForms.js","src/eShopLegacyWebForms/wwwroot/Scripts/WebForms/WebForms.js"],["src/eShopLegacyWebForms/Scripts/WebForms/WebParts.js","src/eShopLegacyWebForms/wwwroot/Scripts/WebForms/WebParts.js"],["src/eShopLegacyWebForms/Scripts/WebForms/WebUIValidation.js","src/eShopLegacyWebForms/wwwroot/Scripts/WebForms/WebUIValidation.js"],["src/eShopLegacyWebForms/Scripts/WebForms/MSAjax/MicrosoftAjax.js","src/eShopLegacyWebForms/wwwroot/Scripts/WebForms/MSAjax/MicrosoftAjax.js"],["src/eShopLegacyWebForms/Scripts/WebForms/MSAjax/MicrosoftAjaxApplicationServices.js","src/eShopLegacyWebForms/wwwroot/Scripts/WebForms/MSAjax/MicrosoftAjaxApplicationServices.js"],["src/eShopLegacyWebForms/Scripts/WebForms/MSAjax/MicrosoftAjaxComponentModel.js","src/eShopLegacyWebForms/wwwroot/Scripts/WebForms/MSAjax/MicrosoftAjaxComponentModel.js"],["src/eShopLegacyWebForms/Scripts/WebForms/MSAjax/MicrosoftAjaxCore.js","src/eShopLegacyWebForms/wwwroot/Scripts/WebForms/MSAjax/MicrosoftAjaxCore.js"],["src/eShopLegacyWebForms/Scripts/WebForms/MSAjax/MicrosoftAjaxGlobalization.js","src/eShopLegacyWebForms/wwwroot/Scripts/WebForms/MSAjax/MicrosoftAjaxGlobalization.js"],["src/eShopLegacyWebForms/Scripts/WebForms/MSAjax/MicrosoftAjaxHistory.js","src/eShopLegacyWebForms/wwwroot/Scripts/WebForms/MSAjax/MicrosoftAjaxHistory.js"],["src/eShopLegacyWebForms/Scripts/WebForms/MSAjax/MicrosoftAjaxNetwork.js","src/eShopLegacyWebForms/wwwroot/Scripts/WebForms/MSAjax/MicrosoftAjaxNetwork.js"],["src/eShopLegacyWebForms/Scripts/WebForms/MSAjax/MicrosoftAjaxSerialization.js","src/eShopLegacyWebForms/wwwroot/Scripts/WebForms/MSAjax/MicrosoftAjaxSerialization.js"],["src/eShopLegacyWebForms/Scripts/WebForms/MSAjax/MicrosoftAjaxTimer.js","src/eShopLegacyWebForms/wwwroot/Scripts/WebForms/MSAjax/MicrosoftAjaxTimer.js"],["src/eShopLegacyWebForms/Scripts/WebForms/MSAjax/MicrosoftAjaxWebForms.js","src/eShopLegacyWebForms/wwwroot/Scripts/WebForms/MSAjax/MicrosoftAjaxWebForms.js"],["src/eShopLegacyWebForms/Scripts/WebForms/MSAjax/MicrosoftAjaxWebServices.js","src/eShopLegacyWebForms/wwwroot/Scripts/WebForms/MSAjax/MicrosoftAjaxWebServices.js"]],"linuxRecommendationsCount":12,"projectTransformationSummary":"","projectBuildErrorsSummary":"","fileTransformations":[{"filePathBefore":"","fileCodePathBefore":"","fileDesignerPathBefore":"","filePathAfter":"src/eShopLegacyWebForms/Components/App.razor","tags":["added"]},{"filePathBefore":"","fileCodePathBefore":"","fileDesignerPathBefore":"","filePathAfter":"src/eShopLegacyWebForms/Components/Routes.razor","tags":["added"]},{"filePathBefore":"","fileCodePathBefore":"","fileDesignerPathBefore":"","filePathAfter":"src/eShopLegacyWebForms/Components/_Imports.razor","tags":["added"]},{"filePathBefore":"src/eShopLegacyWebForms/About.aspx","fileCodePathBefore":"src/eShopLegacyWebForms/About.aspx.cs","fileDesignerPathBefore":"src/eShopLegacyWebForms/About.aspx.designer.cs","filePathAfter":"src/eShopLegacyWebForms/Components/Pages/About.razor","tags":["moved","renamed","combineCsCode","combineDesignerCode","modified"]},{"filePathBefore":"src/eShopLegacyWebForms/Contact.aspx","fileCodePathBefore":"src/eShopLegacyWebForms/Contact.aspx.cs","fileDesignerPathBefore":"src/eShopLegacyWebForms/Contact.aspx.designer.cs","filePathAfter":"src/eShopLegacyWebForms/Components/Pages/Contact.razor","tags":["moved","renamed","combineCsCode","combineDesignerCode","modified"]},{"filePathBefore":"src/eShopLegacyWebForms/Default.aspx","fileCodePathBefore":"src/eShopLegacyWebForms/Default.aspx.cs","fileDesignerPathBefore":"src/eShopLegacyWebForms/Default.aspx.designer.cs","filePathAfter":"src/eShopLegacyWebForms/Components/Pages/Default.razor","tags":["moved","renamed","combineCsCode","combineDesignerCode","modified"]},{"filePathBefore":"src/eShopLegacyWebForms/Site.Master","fileCodePathBefore":"src/eShopLegacyWebForms/Site.Master.cs","fileDesignerPathBefore":"src/eShopLegacyWebForms/Site.Master.designer.cs","filePathAfter":"src/eShopLegacyWebForms/Components/Layout/MainLayout.razor","tags":["moved","renamed","combineCsCode","combineDesignerCode","modified"]},{"filePathBefore":"src/eShopLegacyWebForms/Site.Mobile.Master","fileCodePathBefore":"src/eShopLegacyWebForms/Site.Mobile.Master.cs","fileDesignerPathBefore":"src/eShopLegacyWebForms/Site.Mobile.Master.designer.cs","filePathAfter":"src/eShopLegacyWebForms/Components/Layout/Site.MobileLayout.razor","tags":["moved","renamed","combineCsCode","combineDesignerCode","modified"]},{"filePathBefore":"src/eShopLegacyWebForms/ViewSwitcher.ascx","fileCodePathBefore":"src/eShopLegacyWebForms/ViewSwitcher.ascx.cs","fileDesignerPathBefore":"src/eShopLegacyWebForms/ViewSwitcher.ascx.designer.cs","filePathAfter":"src/eShopLegacyWebForms/Components/ViewSwitcher.razor","tags":["moved","renamed","combineCsCode","combineDesignerCode","modified"]},{"filePathBefore":"src/eShopLegacyWebForms/Catalog/Create.aspx","fileCodePathBefore":"src/eShopLegacyWebForms/Catalog/Create.aspx.cs","fileDesignerPathBefore":"src/eShopLegacyWebForms/Catalog/Create.aspx.designer.cs","filePathAfter":"src/eShopLegacyWebForms/Components/Pages/Catalog/Create.razor","tags":["moved","renamed","combineCsCode","combineDesignerCode","modified"]},{"filePathBefore":"src/eShopLegacyWebForms/Catalog/Delete.aspx","fileCodePathBefore":"src/eShopLegacyWebForms/Catalog/Delete.aspx.cs","fileDesignerPathBefore":"src/eShopLegacyWebForms/Catalog/Delete.aspx.designer.cs","filePathAfter":"src/eShopLegacyWebForms/Components/Pages/Catalog/Delete.razor","tags":["moved","renamed","combineCsCode","combineDesignerCode","modified"]},{"filePathBefore":"src/eShopLegacyWebForms/Catalog/Details.aspx","fileCodePathBefore":"src/eShopLegacyWebForms/Catalog/Details.aspx.cs","fileDesignerPathBefore":"src/eShopLegacyWebForms/Catalog/Details.aspx.designer.cs","filePathAfter":"src/eShopLegacyWebForms/Components/Pages/Catalog/Details.razor","tags":["moved","renamed","combineCsCode","combineDesignerCode","modified"]},{"filePathBefore":"src/eShopLegacyWebForms/Catalog/Edit.aspx","fileCodePathBefore":"src/eShopLegacyWebForms/Catalog/Edit.aspx.cs","fileDesignerPathBefore":"src/eShopLegacyWebForms/Catalog/Edit.aspx.designer.cs","filePathAfter":"src/eShopLegacyWebForms/Components/Pages/Catalog/Edit.razor","tags":["moved","renamed","combineCsCode","combineDesignerCode","modified"]}]}]}