[{"metricsType":"CTA","language":null,"metricName":"Namespace","reference":"eShopLegacyWebForms.Models","solutionPath":"ce96db0080473c45303e16a41d0dfcecc1b513ed06fe0efac9a00ddace2131b3"},{"metricsType":"CTA","language":null,"metricName":"Namespace","reference":"System.Data.Entity","solutionPath":"ce96db0080473c45303e16a41d0dfcecc1b513ed06fe0efac9a00ddace2131b3"},{"metricsType":"CTA","language":null,"metricName":"Namespace","reference":"System.Data.Entity.ModelConfiguration","solutionPath":"ce96db0080473c45303e16a41d0dfcecc1b513ed06fe0efac9a00ddace2131b3"},{"metricsType":"CTA","language":null,"metricName":"Namespace","reference":"System.Data.Entity.ModelConfiguration.Configuration","solutionPath":"ce96db0080473c45303e16a41d0dfcecc1b513ed06fe0efac9a00ddace2131b3"},{"metricsType":"CTA","language":null,"metricName":"Namespace","reference":"System.ComponentModel.DataAnnotations.Schema","solutionPath":"ce96db0080473c45303e16a41d0dfcecc1b513ed06fe0efac9a00ddace2131b3"},{"metricsType":"CTA","language":null,"metricName":"Namespace","reference":"System.ComponentModel.DataAnnotations","solutionPath":"ce96db0080473c45303e16a41d0dfcecc1b513ed06fe0efac9a00ddace2131b3"},{"metricsType":"CTA","language":null,"metricName":"Namespace","reference":"System.Data.Entity.Infrastructure","solutionPath":"ce96db0080473c45303e16a41d0dfcecc1b513ed06fe0efac9a00ddace2131b3"},{"metricsType":"CTA","language":null,"metricName":"Namespace","reference":"System","solutionPath":"ce96db0080473c45303e16a41d0dfcecc1b513ed06fe0efac9a00ddace2131b3"},{"metricsType":"CTA","language":null,"metricName":"Namespace","reference":"System.Linq","solutionPath":"ce96db0080473c45303e16a41d0dfcecc1b513ed06fe0efac9a00ddace2131b3"},{"metricsType":"CTA","language":null,"metricName":"Namespace","reference":"eShopLegacyWebForms.Models.Infrastructure","solutionPath":"ce96db0080473c45303e16a41d0dfcecc1b513ed06fe0efac9a00ddace2131b3"},{"metricsType":"CTA","language":null,"metricName":"Namespace","reference":"System.Configuration","solutionPath":"ce96db0080473c45303e16a41d0dfcecc1b513ed06fe0efac9a00ddace2131b3"},{"metricsType":"CTA","language":null,"metricName":"Namespace","reference":"System.Collections.Generic","solutionPath":"ce96db0080473c45303e16a41d0dfcecc1b513ed06fe0efac9a00ddace2131b3"},{"metricsType":"CTA","language":null,"metricName":"Namespace","reference":"System.IO","solutionPath":"ce96db0080473c45303e16a41d0dfcecc1b513ed06fe0efac9a00ddace2131b3"},{"metricsType":"CTA","language":null,"metricName":"Namespace","reference":"System.Text.RegularExpressions","solutionPath":"ce96db0080473c45303e16a41d0dfcecc1b513ed06fe0efac9a00ddace2131b3"},{"metricsType":"CTA","language":null,"metricName":"Namespace","reference":"System.Globalization","solutionPath":"ce96db0080473c45303e16a41d0dfcecc1b513ed06fe0efac9a00ddace2131b3"},{"metricsType":"CTA","language":null,"metricName":"Namespace","reference":"System.IO.Compression","solutionPath":"ce96db0080473c45303e16a41d0dfcecc1b513ed06fe0efac9a00ddace2131b3"},{"metricsType":"CTA","language":null,"metricName":"Namespace","reference":"eShopLegacyWebForms.Modules","solutionPath":"ce96db0080473c45303e16a41d0dfcecc1b513ed06fe0efac9a00ddace2131b3"},{"metricsType":"CTA","language":null,"metricName":"Namespace","reference":"Autofac","solutionPath":"ce96db0080473c45303e16a41d0dfcecc1b513ed06fe0efac9a00ddace2131b3"},{"metricsType":"CTA","language":null,"metricName":"Namespace","reference":"Autofac.Builder","solutionPath":"ce96db0080473c45303e16a41d0dfcecc1b513ed06fe0efac9a00ddace2131b3"},{"metricsType":"CTA","language":null,"metricName":"Namespace","reference":"eShopLegacyWebForms.Services","solutionPath":"ce96db0080473c45303e16a41d0dfcecc1b513ed06fe0efac9a00ddace2131b3"},{"metricsType":"CTA","language":null,"metricName":"Namespace","reference":"eShopLegacyWebForms","solutionPath":"ce96db0080473c45303e16a41d0dfcecc1b513ed06fe0efac9a00ddace2131b3"},{"metricsType":"CTA","language":null,"metricName":"Namespace","reference":"Microsoft.AspNetCore.Builder","solutionPath":"ce96db0080473c45303e16a41d0dfcecc1b513ed06fe0efac9a00ddace2131b3"},{"metricsType":"CTA","language":null,"metricName":"Namespace","reference":"Microsoft.Extensions.DependencyInjection","solutionPath":"ce96db0080473c45303e16a41d0dfcecc1b513ed06fe0efac9a00ddace2131b3"},{"metricsType":"CTA","language":null,"metricName":"Namespace","reference":"Microsoft.AspNetCore.Http","solutionPath":"ce96db0080473c45303e16a41d0dfcecc1b513ed06fe0efac9a00ddace2131b3"},{"metricsType":"CTA","language":null,"metricName":"Namespace","reference":"Microsoft.AspNetCore.Mvc","solutionPath":"ce96db0080473c45303e16a41d0dfcecc1b513ed06fe0efac9a00ddace2131b3"},{"metricsType":"CTA","language":null,"metricName":"Namespace","reference":"Newtonsoft.Json","solutionPath":"ce96db0080473c45303e16a41d0dfcecc1b513ed06fe0efac9a00ddace2131b3"},{"metricsType":"CTA","language":null,"metricName":"Namespace","reference":"Microsoft.Extensions.Configuration","solutionPath":"ce96db0080473c45303e16a41d0dfcecc1b513ed06fe0efac9a00ddace2131b3"},{"metricsType":"CTA","language":null,"metricName":"Namespace","reference":"Microsoft.Extensions.Hosting","solutionPath":"ce96db0080473c45303e16a41d0dfcecc1b513ed06fe0efac9a00ddace2131b3"},{"metricsType":"CTA","language":null,"metricName":"Namespace","reference":"Microsoft.AspNetCore.Localization","solutionPath":"ce96db0080473c45303e16a41d0dfcecc1b513ed06fe0efac9a00ddace2131b3"},{"metricsType":"CTA","language":null,"metricName":"Namespace","reference":"System.Diagnostics","solutionPath":"ce96db0080473c45303e16a41d0dfcecc1b513ed06fe0efac9a00ddace2131b3"},{"metricsType":"CTA","language":null,"metricName":"Namespace","reference":"eShopLegacyWebForms.ViewModel","solutionPath":"ce96db0080473c45303e16a41d0dfcecc1b513ed06fe0efac9a00ddace2131b3"},{"metricsType":"CTA","language":null,"metricName":"Namespace","reference":"System.Web","solutionPath":"ce96db0080473c45303e16a41d0dfcecc1b513ed06fe0efac9a00ddace2131b3"},{"metricsType":"CTA","language":null,"metricName":"Namespace","reference":"System.ComponentModel","solutionPath":"ce96db0080473c45303e16a41d0dfcecc1b513ed06fe0efac9a00ddace2131b3"},{"metricsType":"CTA","language":null,"metricName":"Namespace","reference":"Microsoft.AspNetCore.Hosting","solutionPath":"ce96db0080473c45303e16a41d0dfcecc1b513ed06fe0efac9a00ddace2131b3"},{"metricsType":"CTA","language":null,"metricName":"Namespace","reference":"Microsoft.Extensions.Logging","solutionPath":"ce96db0080473c45303e16a41d0dfcecc1b513ed06fe0efac9a00ddace2131b3"},{"metricsType":"CTA","language":null,"metricName":"Namespace","reference":"Microsoft.Data.SqlClient","solutionPath":"ce96db0080473c45303e16a41d0dfcecc1b513ed06fe0efac9a00ddace2131b3"},{"metricsType":"CTA","language":null,"metricName":"Namespace","reference":"project.all","solutionPath":"ce96db0080473c45303e16a41d0dfcecc1b513ed06fe0efac9a00ddace2131b3"},{"metricsType":"CTA","language":null,"metricName":"RulesFile","downloadedFile":"project.all.json","solutionPath":"ce96db0080473c45303e16a41d0dfcecc1b513ed06fe0efac9a00ddace2131b3"},{"metricsType":"CTA","language":null,"metricName":"RulesFile","downloadedFile":"system.web.json","solutionPath":"ce96db0080473c45303e16a41d0dfcecc1b513ed06fe0efac9a00ddace2131b3"},{"metricsType":"CTA","language":null,"metricName":"RulesFile","downloadedFile":"system.configuration.json","solutionPath":"ce96db0080473c45303e16a41d0dfcecc1b513ed06fe0efac9a00ddace2131b3"},{"metricsType":"CTA","language":null,"metricName":"RulesFile","downloadedFile":"system.data.entity.json","solutionPath":"ce96db0080473c45303e16a41d0dfcecc1b513ed06fe0efac9a00ddace2131b3"},{"metricsType":"CTA","language":"csharp","metricName":"TargetVersion","targetVersion":"net8.0","sourceVersion":"net48","solutionPath":"ce96db0080473c45303e16a41d0dfcecc1b513ed06fe0efac9a00ddace2131b3","projectGuid":"db1453d7-d342-5d43-bf45-f4557804f62e"},{"metricsType":"CTA","language":"csharp","metricName":"TargetVersion","targetVersion":"net8.0","sourceVersion":"net48","solutionPath":"ce96db0080473c45303e16a41d0dfcecc1b513ed06fe0efac9a00ddace2131b3","projectGuid":"db1453d7-d342-5d43-bf45-f4557804f62e"},{"metricsType":"CTA","language":"csharp","metricName":"ActionPackage","packageName":"Microsoft.AspNetCore.SystemWebAdapters","packageVersion":"1.4.0","solutionPath":"ce96db0080473c45303e16a41d0dfcecc1b513ed06fe0efac9a00ddace2131b3","projectGuid":"db1453d7-d342-5d43-bf45-f4557804f62e"},{"metricsType":"CTA","language":"csharp","metricName":"ActionPackage","packageName":"System.Configuration.ConfigurationManager","packageVersion":"*","solutionPath":"ce96db0080473c45303e16a41d0dfcecc1b513ed06fe0efac9a00ddace2131b3","projectGuid":"db1453d7-d342-5d43-bf45-f4557804f62e"},{"metricsType":"CTA","language":"csharp","metricName":"ActionPackage","packageName":"Microsoft.AspNetCore.SystemWebAdapters","packageVersion":"1.4.0","solutionPath":"ce96db0080473c45303e16a41d0dfcecc1b513ed06fe0efac9a00ddace2131b3","projectGuid":"db1453d7-d342-5d43-bf45-f4557804f62e"},{"metricsType":"CTA","language":"csharp","metricName":"ActionPackage","packageName":"System.Configuration.ConfigurationManager","packageVersion":"*","solutionPath":"ce96db0080473c45303e16a41d0dfcecc1b513ed06fe0efac9a00ddace2131b3","projectGuid":"db1453d7-d342-5d43-bf45-f4557804f62e"}]